first_name,last_name,email,phone_number,street_address_1,street_address_2,city,state,zip_code
Rory,Carroll,Rory_Carroll40@example.com,083-282-0383,323 Bernhard Springs,,Cassinworth,ID,28760
Kenya,Abshire,Kenya_Abshire@example.net,844-796-1486,6847 Kshlerin Flat,Apt. 795,West Yadiraville,OK,10174
Zola,Nikolaus-Doyle,Zola96@example.org,936-376-4291,9484 Jaskolski View,,New Mario,MD,94827
Christ,Walsh,Christ.Walsh78@example.net,913-462-6998,98642 Oliver Track,Suite 111,Fort Pinkie,AK,93228
Skylar,Feeney,Skylar27@example.net,324-749-6387,815 Ruecker Center,,Fort Rosalindashire,SD,28374
Kane,Mayert,Kane27@example.com,460-068-4444,514 Schmitt Hill,,Farmington,UT,17634
Stephanie,Metz,Stephanie.Metz23@example.com,669-052-6112,9520 Davis Ridges,,Larkinville,CO,66720
Merlin,Beahan,Merlin23@example.org,776-071-7196,8876 Lavonne Squares,,Port Charleyshire,NV,16514
Rosemary,Wisozk,Rosemary.Wisozk@example.net,292-845-8440,76002 Rolfson Walk,,Port Ernestofort,LA,48324
Rhoda,Beer,Rhoda28@example.com,672-172-2190,6821 Aida Fort,,Port Elissa,CO,34854
Vaughn,Huels,Vaughn_Huels@example.net,370-890-6031,56879 Eladio Ville,Apt. 285,Fort Smith,PA,81894
Maynard,Halvorson,Maynard_Halvorson26@example.org,744-250-2717,3673 Garett Union,,Nashua,AZ,39778
Cortez,Konopelski,Cortez_Konopelski95@example.org,155-502-4447,4103 Mark Street,,Waldorf,MT,35098
Tremayne,Bogan-Parker,Tremayne_Bogan-Parker@example.net,944-093-3466,727 Adolf Plains,Apt. 476,Port Wilsonborough,IA,24446
Kari,Schumm,Kari_Schumm@example.net,441-734-6028,749 Ephraim Motorway,,Hauckstad,NC,90583
Angelita,Kerluke,Angelita54@example.com,431-964-7260,7334 Violette Brooks,,Martinboro,IN,65724
Reva,Emmerich,Reva.Emmerich@example.org,914-551-7579,5442 Sandra Expressway,,Hicklestead,OR,88560
Leilani,Zboncak,Leilani.Zboncak@example.com,417-995-8451,543 Ottis Key,,South Hillard,CO,99674
Emerson,Sporer,Emerson29@example.com,399-935-5797,3546 Stephany Place,,Hamillfurt,CO,70502
Matt,Walsh,Matt_Walsh@example.net,924-513-0804,45534 Lucile Station,,East Clemmie,WI,94302
Sofia,Hayes,Sofia.Hayes@example.com,856-187-6921,1976 Joelle Park,,East Rethaville,MI,74694
Florian,Jaskolski,Florian58@example.com,436-345-2213,188 Gilda Glen,Apt. 712,Karafield,RI,65909
Cole,Hane,Cole72@example.org,318-358-8362,976 Janice Ways,Suite 148,South Christiantown,PA,78939
Emerald,Bradtke,Emerald87@example.net,822-640-1565,786 Margarett Unions,,Darrellberg,AZ,13503
Clinton,Mante,Clinton.Mante@example.com,242-238-7452,2899 Waylon Mill,,South Aureliaton,AL,41633
Nicolas,Schuppe,Nicolas14@example.net,521-793-9497,277 Shania Corners,,Armaniport,MN,72517
Alexandrine,Gottlieb,Alexandrine4@example.net,736-963-2170,4522 Altenwerth Hill,,West Vesta,VA,23323
Conor,Maggio,Conor_Maggio10@example.net,583-108-6197,17570 Borer Grove,,South Lew,ME,04230
Elfrieda,Bode,Elfrieda_Bode59@example.net,834-580-6365,4585 Wyman Greens,,Watsonville,AR,60644
Judd,Larson-Kuvalis,Judd.Larson-Kuvalis83@example.com,974-272-3784,9982 Schaefer Course,,Summerville,WI,70858
Trevion,Schaden,Trevion2@example.com,549-475-5935,3372 Troy Court,,Alysaworth,FL,13692
Coty,Hegmann,Coty.Hegmann@example.org,087-366-2229,866 Nitzsche Villages,,New Eulah,NJ,03860
Jeffery,Walsh,Jeffery78@example.net,853-716-5936,85265 Erdman Underpass,Suite 203,Stammchester,PA,12135
Electa,Hand,Electa_Hand44@example.net,002-892-6153,3967 Ryann River,,Fort Briannetown,NC,16183
Milton,Kihn,Milton_Kihn@example.com,567-640-8379,358 Effertz Spur,,Port Briana,ME,26028
Rodrigo,Breitenberg,Rodrigo5@example.net,467-745-4101,366 Ebert Union,Apt. 258,South Patstad,CO,18777
Janessa,Sauer,Janessa_Sauer@example.com,771-748-0576,440 Bridgette Mountain,Apt. 317,Adriannatown,MA,05056
Nicolette,Cruickshank,Nicolette.Cruickshank@example.org,403-844-0547,28508 Altenwerth Freeway,,West Britney,CA,15246
Matilda,Cummerata,Matilda3@example.com,610-124-1277,220 Jacobson Turnpike,Suite 527,Destinton,MD,96375
Reba,Wyman,Reba_Wyman98@example.com,816-693-9174,241 Keira Course,,Westshire,ND,97369
Dortha,Tremblay,Dortha.Tremblay@example.com,660-327-5063,4959 Caden Trafficway,Suite 824,New Estrellaborough,NE,52149
Annette,Kiehn,Annette_Kiehn35@example.com,892-332-9357,1935 Ankunding Crossing,Suite 543,North Reagan,GA,18692
Lora,Hoeger,Lora_Hoeger83@example.com,565-329-6668,218 Therese Ferry,,Fort Mayecester,ND,54170
Tommie,Hayes,Tommie49@example.net,702-908-1263,71652 Heaney Port,,West Mckenzie,NH,61542
Palma,Kreiger,Palma_Kreiger71@example.org,769-197-4329,73348 Weissnat Glens,,West Javontefort,NH,66728
Lenna,Simonis,Lenna_Simonis62@example.com,510-538-0611,262 Burley Underpass,,Rowlett,WA,20038
Tanner,Connelly,Tanner.Connelly@example.net,684-400-8056,831 Hector Ville,Suite 858,Apriltown,FL,39206
Javier,Bailey,Javier_Bailey16@example.com,440-649-6460,810 Lind Falls,Suite 871,Rocky Mount,WV,07510
Dylan,Miller,Dylan92@example.net,784-344-2997,4641 Kaleb Drives,,New Clifton,TN,47014
Esta,Ledner,Esta.Ledner85@example.org,902-007-4491,23842 Rath Expressway,,Aronfort,TN,15275
Adan,McKenzie,Adan.McKenzie61@example.com,237-397-2079,8692 Melissa Centers,Suite 121,Dietrichland,KS,97104
Mose,Bernhard-Marks,Mose_Bernhard-Marks@example.org,292-769-8261,810 Kessler Meadows,,New Nina,KS,38527
Manuela,Boehm-Lind,Manuela_Boehm-Lind@example.com,613-605-6650,609 Will Point,,Romagueraberg,IL,83832
Shanny,Blick,Shanny16@example.net,886-663-2591,67205 Lillie Unions,,Lake Lomaton,NV,02519
Leanne,Cummerata-King,Leanne_Cummerata-King15@example.com,353-867-1882,59814 Kilback Land,,New Shanelle,TX,60521
Annabell,Hintz,Annabell61@example.com,375-136-4385,9831 Harvey Mission,,Wyoming,TN,87862
Lucienne,Ledner,Lucienne_Ledner98@example.org,988-210-0241,2986 Bode Forks,,Elizabethstad,OR,86983
Aron,Wilderman,Aron51@example.org,788-232-5536,487 Marianna Views,,North Geoffreyport,OH,92977
Kaylah,Bernhard,Kaylah90@example.com,792-111-0181,445 Wyman Prairie,,Lake Belle,TX,11786
Margarett,Lynch,Margarett44@example.com,236-777-3272,71363 Kendrick Alley,,East Kirkberg,MA,20875
Jevon,Torphy,Jevon.Torphy@example.net,817-187-0108,77957 Blanda Crescent,Suite 696,Mertzboro,DE,42800
Emmanuelle,Ortiz,Emmanuelle.Ortiz8@example.org,157-373-3768,39404 Lueilwitz Mill,,Ethylview,MD,10666
Carlee,Keeling,Carlee2@example.net,800-686-0954,2671 Ratke Keys,Suite 889,The Villages,NE,99852
Olaf,Bradtke,Olaf_Bradtke68@example.net,351-627-2348,15785 Kshlerin Extensions,,Schoentown,MA,09545
Yessenia,Goyette,Yessenia.Goyette0@example.org,041-861-1564,237 Trudie Loop,,Port Madisen,NV,00434
Vladimir,Conn,Vladimir.Conn@example.net,293-786-6284,253 Schaefer Parks,Suite 749,North Belle,WI,20884
Sonya,Harvey,Sonya19@example.net,420-283-3533,67308 Haley Groves,,South Abe,NH,17395
Emery,Koch,Emery.Koch54@example.net,768-326-5667,1727 Davonte Road,Suite 459,Ziemeborough,NM,68766
Talia,Braun,Talia.Braun@example.org,716-673-5531,100 Stokes Mission,,New Alexzanderside,FL,26259
Ramona,Kunze,Ramona.Kunze@example.net,458-324-4617,2666 Mertz Bridge,,Schillerborough,NE,49546
Nola,Kris,Nola51@example.net,627-837-3800,121 Wilber Cliff,,Pueblo,GA,21878
Walker,Skiles,Walker57@example.com,986-236-0941,28157 Marvin Expressway,,Lake Flavieland,IL,66673
Jack,Batz,Jack.Batz87@example.net,657-885-0651,11559 Ullrich Ranch,,Oklahoma City,ID,82602
Rickey,Schmeler,Rickey.Schmeler@example.net,022-036-8282,99357 Glover Brooks,,Halvorsonton,NV,50995
Cecilia,Leuschke,Cecilia_Leuschke@example.org,016-978-3197,98593 Asa Gateway,,East Jovanyberg,FL,12811
Merl,O'Conner,Merl20@example.org,717-119-6196,36008 Mills Stravenue,,West Giovanna,VT,68002
Marlon,Mayert,Marlon.Mayert@example.com,625-405-1550,179 Kaley Extension,,Jeffereytown,MN,40506
Valerie,Pagac,Valerie_Pagac50@example.com,616-798-8223,9222 Ellie Orchard,,Vivianechester,AZ,89766
Victoria,Bergstrom,Victoria66@example.net,095-185-2219,651 Labadie Drive,Apt. 662,East Gwen,WA,25575
Guiseppe,Hettinger,Guiseppe89@example.net,596-094-1584,3913 Ashleigh Mount,,South Orland,PA,21499
Jodie,Hegmann,Jodie11@example.net,957-910-3962,6223 Lynch Ridge,Apt. 742,South Monty,MA,84688
Paris,Stamm,Paris.Stamm9@example.com,531-510-9644,31656 Jacobson Burg,,Constantincester,KS,12697
Kenyon,Keebler,Kenyon51@example.org,799-863-3744,39693 Bergstrom Bridge,,West Brennan,CA,97283
Jaren,Baumbach,Jaren.Baumbach48@example.net,594-199-1008,98673 Carlos Square,Apt. 922,Indio,TX,29346
Mylene,Bogisich,Mylene90@example.org,859-098-0607,31163 Casey Lake,,East Jazmin,AK,76683
Wilhelmine,Hyatt,Wilhelmine.Hyatt@example.com,335-640-6736,116 Schulist Landing,,Klingboro,NV,95662
Deron,Miller,Deron_Miller@example.org,343-893-9157,5177 Celia Hill,,West Darrion,ME,48321
Sasha,Ankunding,Sasha_Ankunding44@example.com,610-770-7602,3625 Leland Forge,,Alisabury,MI,66694
Ara,Murphy,Ara_Murphy22@example.net,730-940-6287,6549 Miller Wall,Apt. 294,West Hillary,GA,74783
Boyd,Torphy,Boyd.Torphy@example.org,712-834-8375,36780 Gianni Curve,,Jacobston,MT,64462
Karson,Barrows,Karson_Barrows@example.org,963-328-3405,388 Elwyn Causeway,,Gastonborough,IN,86786
Kelli,Rippin,Kelli.Rippin@example.net,564-522-4255,79860 Mertz Shoals,Apt. 274,Creolaport,WA,34612
Alexandrine,Purdy,Alexandrine.Purdy78@example.org,352-157-5589,8580 Jakubowski Street,,Rio Rancho,NV,14011
Kody,Funk,Kody.Funk28@example.com,006-406-9395,68277 Weissnat Estates,,Irvine,GA,50906
Kyler,Russel,Kyler85@example.org,939-228-8621,129 Geo Unions,Suite 328,South Judson,KY,91867
Jennie,Ryan,Jennie_Ryan93@example.org,679-287-4487,8124 McDermott Ridges,,Baumbachstead,MA,20650
Gunnar,Dare,Gunnar.Dare76@example.org,740-020-9555,1618 Marilou Villages,,New Violette,MA,09581
Sonia,Hyatt,Sonia.Hyatt85@example.org,096-489-2380,7958 Mohr Streets,,Sawaynfort,ID,36372
Leonora,Nikolaus,Leonora_Nikolaus@example.net,766-354-7037,533 Kling Pike,,Lake Emeliabury,MA,36605
Mckenna,Hoeger,Mckenna_Hoeger@example.com,707-343-3845,3340 Chesley Shores,,Walnut Creek,OR,36977
Kiley,Monahan,Kiley15@example.org,929-253-4668,50788 Hilpert Falls,,Kaiaworth,WA,69203
Emie,Towne,Emie_Towne@example.org,643-844-7071,775 Nikolas Pine,,New Jessyberg,MS,82955
Jessy,Wisoky,Jessy41@example.net,556-840-4424,7253 Jaycee Course,Suite 808,Feestchester,KY,65607
Cornelius,Donnelly,Cornelius_Donnelly22@example.org,116-738-1983,53853 Block Pines,,North Audie,AR,36707
Lorenz,Watsica,Lorenz50@example.org,747-169-1336,4485 Allen Plaza,Apt. 331,West Eldora,MO,39296
Johnathan,Bashirian,Johnathan50@example.org,544-105-9489,60049 Felicity Spur,,Cooperton,ID,08158
Everette,Carter-Ullrich,Everette.Carter-Ullrich8@example.net,439-848-9279,6885 Lance Fort,,Aufderharbury,CT,44959
Forest,Wintheiser,Forest_Wintheiser@example.net,056-377-9874,529 Aimee Canyon,Apt. 147,Fort Cali,ME,35545
Asa,Gulgowski,Asa_Gulgowski@example.com,601-688-8221,8439 Bruen Forks,,Dearborn Heights,DE,77244
Cale,Lindgren,Cale95@example.org,630-056-1241,312 Vita Valley,Suite 985,Koreyside,IA,74478
Diana,Feeney,Diana77@example.org,161-619-9648,364 Beryl Burg,,Allychester,AR,75659
Kennith,Cruickshank,Kennith62@example.com,176-810-2425,6849 Rowe Radial,,Darrickcester,VT,77009
Dean,Kozey,Dean11@example.org,899-780-5908,99202 Lang Port,,Walterside,TX,17494
Dejon,Murray,Dejon56@example.com,806-222-3274,70331 McCullough Unions,,Volkmanburgh,TN,94107
Samson,Predovic,Samson36@example.org,518-518-0849,9165 Irma Course,,Cummeratatown,OR,67932
Joana,Fisher,Joana.Fisher32@example.net,981-911-7482,6853 Pink Park,,Pasadena,WI,83268
Taurean,DuBuque,Taurean.DuBuque56@example.org,804-783-9352,9534 Shayna Hill,Suite 458,East Deangelofurt,OK,61848
Jabari,Lakin,Jabari86@example.net,703-179-5421,63743 Casper Stream,,New Angelland,LA,31565
Nicklaus,Kemmer,Nicklaus16@example.net,225-236-0331,63482 Hardy Highway,,Reillyton,NV,81928
Devan,Batz,Devan_Batz@example.com,420-550-1756,533 Terry Ridge,,Milliestad,SD,15066
Christopher,Mayert,Christopher8@example.org,047-892-5446,8283 Pagac Fords,,Davenport,MN,61826
Arjun,Gutmann,Arjun_Gutmann@example.org,327-136-2264,7823 Keenan Rest,,Pourosbury,CA,91527
Oma,Hilpert,Oma44@example.com,727-812-8764,96816 Turner Track,,Gresham,OK,37967
Xzavier,Konopelski,Xzavier_Konopelski@example.net,847-661-8497,98466 Shanon Plains,,Victormouth,PA,10259
Arthur,Lueilwitz,Arthur.Lueilwitz@example.com,166-275-5534,14618 Gulgowski Ridge,Apt. 680,Moenborough,SC,81018
Euna,Hartmann,Euna_Hartmann@example.com,898-548-9172,3809 Feeney Mountain,,Waukegan,WI,41161
Russell,McClure,Russell_McClure57@example.org,098-583-8322,227 Bergstrom Estate,,McCulloughshire,NJ,01397
Ludwig,Orn,Ludwig.Orn@example.com,523-797-4969,1291 Adele Knolls,,Brekkefield,GA,10556
Winifred,Kling,Winifred_Kling66@example.net,157-558-5634,902 Bradtke Square,Apt. 335,Fort Elmiraworth,MD,15001
Elmer,Kshlerin,Elmer.Kshlerin@example.net,657-613-2075,4743 Lane Courts,Suite 360,Jastcester,OR,13409
Laverne,Murphy,Laverne.Murphy@example.com,046-335-5727,517 Liam Glen,,New Brielle,AR,91821
Anna,Durgan,Anna_Durgan@example.org,667-437-0478,2971 Altenwerth Shore,,Orlando,AK,37514
Anya,Spinka,Anya.Spinka@example.net,348-977-9345,49061 Therese Grove,,Brandonmouth,AR,30809
Khalid,Haag-Terry,Khalid.Haag-Terry@example.com,669-513-7683,14763 King Oval,Suite 999,West Burdette,IL,22636
Scarlett,Mills,Scarlett51@example.com,574-926-8186,7013 Clementina Land,,Port Royce,VT,77887
Karina,Stoltenberg,Karina.Stoltenberg16@example.net,903-273-0356,21497 Nicolas Key,Apt. 246,Lake Max,OR,59539
Zetta,Klocko,Zetta_Klocko@example.net,947-170-5518,62229 Elta Circle,Suite 308,Thompsonfield,FL,87136
Shanny,Shanahan,Shanny_Shanahan@example.net,571-526-2422,8899 Keeley Drive,,South Terence,ND,35067
Giovanni,Cartwright,Giovanni.Cartwright@example.net,223-934-5013,14202 Kaci Forest,Suite 269,Glendora,DE,20321
Nickolas,Russel,Nickolas36@example.net,997-987-6653,112 Webster Street,,Gibsonboro,WV,33373
Dixie,Rohan,Dixie_Rohan@example.net,562-576-2660,371 Craig Pass,,South Estell,WI,94388
Armani,Sawayn,Armani.Sawayn@example.org,847-755-8936,288 Reichert Valley,,Paucekworth,MD,06714
Cathy,Williamson,Cathy16@example.com,304-091-4249,212 Cedrick Pike,,Schummland,IN,63068
Elva,Larkin,Elva33@example.org,930-475-2506,930 Weldon Ferry,Suite 189,South Sandy,VT,00431
Willis,Schmeler,Willis34@example.com,298-059-7065,4460 Berge Gateway,,Millerport,WV,15019
Jadon,D'Amore,Jadon40@example.com,425-433-9531,455 Nikolaus Valleys,,South Ryanntown,RI,56328
Maritza,McLaughlin,Maritza63@example.net,532-926-1764,525 Watsica Ways,,Soledadmouth,SD,04483
Treva,Veum,Treva99@example.net,049-004-9062,26797 Ernser Ways,,Fort Alenehaven,OK,95072
Lizzie,Herman,Lizzie.Herman82@example.com,953-129-4452,47941 Johnny Estate,,South Kameron,WV,05276
Sid,Kassulke,Sid3@example.net,910-816-3522,40999 Kira Freeway,,West Lynn,ME,46525
Napoleon,Senger,Napoleon37@example.net,264-819-1966,4402 Sawayn Junctions,Suite 625,Fort Viola,AK,36240
Nathaniel,Goodwin,Nathaniel0@example.com,727-748-7076,26862 Shania Lake,,North Lilla,SC,57091
Rowland,Bogan,Rowland51@example.com,394-339-7423,3838 Welch Unions,Apt. 672,Lake Linneafield,NE,90487
Sandra,Kuphal,Sandra78@example.com,781-489-8994,7229 Dayana Drives,,East Allene,AL,48667
Frank,McLaughlin,Frank12@example.com,519-305-9078,359 Callie Village,,Evangelinecester,HI,35347
Joannie,Schaefer,Joannie55@example.net,135-683-0943,4704 Strosin Via,,North Doriantown,WV,87399
Adam,McGlynn,Adam.McGlynn@example.com,781-282-2156,26550 Grady Shoals,,West Jordan,OH,61466
Helena,Ebert,Helena_Ebert@example.com,136-386-9224,1414 Jaylin Canyon,,Charleston,OH,69936
Josephine,Lubowitz,Josephine_Lubowitz32@example.net,520-848-4418,81373 Llewellyn Manor,,East Salvatore,IL,31429
Domingo,Okuneva,Domingo_Okuneva@example.org,732-647-6905,972 Juvenal Squares,,Ortizmouth,PA,54355
Sibyl,Lehner,Sibyl.Lehner@example.net,144-563-6223,768 Kub Route,Suite 569,Fort Rafaelaworth,TX,35192
Sherman,Senger,Sherman.Senger52@example.net,342-346-6697,724 Savannah Corner,,Pfannerstillchester,OR,29582
Shannon,Rolfson,Shannon_Rolfson93@example.com,900-568-1109,9453 Kenneth Roads,Apt. 839,Wehnerland,WV,69179
Curt,Christiansen,Curt_Christiansen@example.org,506-998-0100,98164 Abigail Underpass,,Clarksville,SC,52863
Clint,Kuvalis,Clint.Kuvalis39@example.org,973-383-9784,974 Stark Course,,New Janischester,WI,19236
Camille,Hane,Camille.Hane9@example.com,789-014-7436,6041 Sawayn Wells,,Flossieshire,NE,14391
Elroy,Spencer,Elroy39@example.org,257-918-2155,276 Cummerata Estates,,West Jacinthe,MD,85799
Alexys,Metz,Alexys37@example.net,104-593-0828,4159 Tyra Mission,,South Lucy,FL,62734
Howell,Bode,Howell0@example.org,593-338-6983,4772 Marie Throughway,,Greeley,UT,23280
Alison,Roberts,Alison.Roberts@example.org,027-593-8459,37597 Torp Crossing,Suite 222,Rogahnbury,WY,36644
Kacey,Yundt,Kacey32@example.org,657-471-3579,89836 Funk Squares,,Lake Justicemouth,NV,74144
Abbey,Champlin,Abbey.Champlin92@example.net,762-017-5750,2432 Modesto Extension,,West Rethaworth,NY,37259
Ryleigh,Ruecker,Ryleigh.Ruecker30@example.org,179-858-4266,43642 Lynch Crescent,Apt. 106,Spokane,NY,32305
Chelsie,Littel,Chelsie.Littel17@example.org,899-709-1661,7694 Alexandre Heights,,West Fermin,HI,44276
George,Barton,George44@example.org,213-073-5840,61011 Mertz Common,,Pueblo,AK,35980
Blaise,Douglas,Blaise.Douglas@example.org,119-194-1228,981 Lempi Field,,Legrosstad,MA,38614
Wilhelm,Rodriguez,Wilhelm43@example.com,076-405-2588,2353 Percy Trail,,East Clair,PA,24314
Janet,Quigley,Janet45@example.net,607-521-7133,966 Garfield Coves,,West Jazminstead,IA,93426
Sydnee,Mills,Sydnee_Mills22@example.net,970-589-8285,155 Lennie Rapids,,New Jerod,MN,12071
Jaycee,Robel,Jaycee_Robel@example.com,813-704-9300,320 Lon Rue,,Sioux Falls,TN,72877
Ollie,Blick-Denesik,Ollie95@example.org,820-833-9685,628 Mann Mount,,Creminstead,PA,02248
Candace,Hermiston,Candace_Hermiston13@example.org,872-435-7201,99966 Keith Trail,,Lake Enid,MT,28429
Virginie,Ullrich,Virginie_Ullrich17@example.org,193-792-7690,18298 Walker Skyway,,North Charleston,SC,66351
Dax,Dietrich,Dax.Dietrich92@example.org,453-005-8578,81357 Karley Summit,,Nicklausberg,GA,94739
Chadd,Tremblay,Chadd_Tremblay@example.com,725-089-9316,218 Schaefer Ville,,Rachaelland,MO,93661
Hazle,Rippin,Hazle_Rippin63@example.org,211-418-6787,4243 Moore Points,,Kuhnhaven,WI,47139
Torrance,Muller,Torrance.Muller38@example.org,068-747-8325,339 Hessel Manors,,Lawrencetown,SC,74575
Audra,Hyatt,Audra91@example.com,798-952-1146,32862 Kreiger Prairie,Apt. 651,South Jany,MO,46306
Oral,Kihn,Oral.Kihn@example.com,012-615-1867,867 Ernser Views,Suite 374,North Erichberg,WA,00427
Ottilie,Kulas,Ottilie_Kulas@example.net,677-289-0195,946 Kassulke Row,,Port Mosesborough,AL,46410
Dwight,Schrute,Dwight_Schrute23@example.com,349-542-9023,10 Daniels Rd,,Honesdale,PA,18431
Otha,Dickinson,Otha.Dickinson@example.net,391-530-1215,22097 Grayce Branch,,West Westonstead,NC,64667
Kristoffer,Johnson,Kristoffer.Johnson62@example.com,928-408-3704,2699 Lebsack Valleys,,West Lafayette,ME,58377
Bulah,Lesch,Bulah_Lesch62@example.org,781-867-9481,235 Frankie Fort,Apt. 171,Lake Orlo,WA,54777
Novella,Volkman,Novella_Volkman@example.com,210-088-1850,3914 Mante Ferry,,Fort Worth,RI,96113
Destini,Simonis,Destini_Simonis68@example.net,124-668-0831,8259 Camryn Village,,Crooksburgh,IN,19379
Santina,Connelly,Santina.Connelly77@example.org,287-951-0667,96543 Nader Ports,Apt. 856,Borerport,GA,93748
Tyler,McClure,Tyler_McClure50@example.org,953-705-2557,96537 Bayer Branch,,New Paolocester,NV,42668
Jan,Cruickshank-Yundt,Jan.Cruickshank-Yundt@example.net,779-521-2195,1603 Jerde Light,,Jerdefield,NH,51797
Krystal,Koelpin,Krystal57@example.net,696-879-5762,350 Elmira Flat,,Jenniferworth,UT,22149
Deborah,Von,Deborah89@example.net,045-475-1779,4907 Cyril Shore,,Anitatown,NY,55815
Meghan,Dare,Meghan_Dare33@example.org,822-655-9223,6593 Gertrude Wall,Apt. 835,East Elissaville,MT,93769
Brenden,Brown,Brenden_Brown24@example.com,383-200-3004,66463 Fanny Mill,,Ashburn,MD,17563
Jayne,Dickens,Jayne5@example.net,078-012-6116,526 Paucek Expressway,Suite 667,East Louiebury,MD,53089
Lawrence,Carroll,Lawrence.Carroll@example.org,968-713-6145,7313 Liana Mills,,North Mohamedside,VA,37524
Herman,Rolfson,Herman.Rolfson@example.org,614-999-5056,4740 Shields Camp,,Poway,MN,70507
Vivian,Harris,Vivian76@example.com,060-876-9674,7717 Gonzalo Harbor,,Port Angelitaworth,VT,46872
Casimer,Parisian,Casimer.Parisian@example.net,120-365-4773,221 Monahan Center,Suite 227,South Clemenston,VT,21359
Nakia,Lueilwitz,Nakia_Lueilwitz62@example.com,649-338-5309,3958 Dave Manor,,North Alessia,AL,02153
Nels,Langosh,Nels.Langosh@example.org,095-312-7594,577 Bauch Loop,Apt. 782,Herthafield,KY,37846
Glenna,Monahan,Glenna.Monahan3@example.org,644-151-0524,87624 Tremblay River,Apt. 357,New Augustinechester,UT,96611
Kirstin,Hermann,Kirstin21@example.com,385-341-9668,90623 Rolfson Fall,,Brendanton,UT,83315
Owen,Purdy,Owen.Purdy@example.net,375-422-3133,452 Hackett Pass,,Lake Bricetown,OK,90893
Raphael,Keebler,Raphael_Keebler@example.org,418-282-7886,5815 Brain Drive,,Port Demarioburgh,RI,16997
Casandra,Bins,Casandra.Bins82@example.com,716-415-9288,115 Gia Heights,Apt. 539,Savannah,WI,57068
Brianne,Herzog,Brianne2@example.com,919-909-4795,889 Emerson Street,,Kemmerbury,WV,88497
Jovani,Dooley,Jovani80@example.com,458-157-0836,14966 Valentine Forge,,Leliafort,MS,63156
Rickie,O'Conner,Rickie_OConner16@example.org,441-954-9055,491 Herzog Ramp,,Redmond,ME,95147
Jarrett,Nitzsche,Jarrett55@example.org,334-760-1529,22080 Huel Parkway,,West Kevin,MD,63339
Libby,Marvin,Libby61@example.com,506-863-8047,7770 Kaleb Cape,,East Cindyside,OH,22521
Adell,Kautzer,Adell.Kautzer@example.org,651-100-7413,870 Thiel Estates,Suite 339,Fort Lesterbury,ME,61599
Maude,Abernathy,Maude_Abernathy@example.org,580-056-1371,175 Kreiger Place,,Dareborough,VT,52365
Jamil,Stiedemann,Jamil91@example.net,762-253-6720,6040 Zulauf Fields,Suite 568,Port Dion,NV,03881
Cameron,Homenick,Cameron71@example.net,824-698-9755,120 Stark Orchard,,Lake Eileen,PA,48261
Jared,Reichel-Hermiston,Jared.Reichel-Hermiston47@example.net,089-847-2873,107 Walsh Island,,West Weldonborough,GA,11219
Odie,Hand,Odie_Hand74@example.org,714-319-9384,5526 Danny Cove,,Kuhlmanfurt,NY,12901
Glenda,Lemke,Glenda_Lemke7@example.org,447-816-0044,572 Sierra Hills,,North Odellstead,NH,95397
Brant,Goldner,Brant_Goldner@example.org,813-092-7338,117 Heber Port,Suite 797,Rempelworth,AZ,41708
Monte,Leuschke,Monte33@example.net,703-154-6186,7685 Cameron Garden,,Fadelmouth,NV,54696
Alexandra,Labadie,Alexandra_Labadie@example.net,292-982-0427,834 Maggio Crossroad,,Ashaboro,PA,66584
Lacy,Breitenberg-Witting,Lacy82@example.net,934-930-9253,1154 Luettgen Walks,,South Joany,VA,80117
Jamar,Stoltenberg,Jamar19@example.net,288-982-8039,436 Fahey Branch,,Swiftport,MN,75550
Merle,Schowalter,Merle52@example.org,592-217-6690,990 Dagmar Pike,,North Tristian,WV,77580
Mireya,Casper,Mireya31@example.com,217-433-9318,6672 Lueilwitz Cove,,Careyfurt,IN,81247
Ford,Feeney,Ford.Feeney@example.com,254-450-5214,325 Fabiola Skyway,,East Mariannaworth,OR,10363
Virgil,Nienow,Virgil.Nienow79@example.net,169-281-2327,879 Bode Drive,,Lake Martinaton,OH,34603
Kirk,Schumm,Kirk_Schumm16@example.net,060-333-1731,34270 Strosin Springs,Suite 572,Fort Alanisfield,IL,20468
Lesly,Beahan,Lesly98@example.org,873-737-3732,97315 O'Conner Groves,,Herzogcester,NM,27953
Ian,McGlynn,Ian_McGlynn52@example.org,333-992-0533,724 Assunta Throughway,Apt. 433,West Shanna,ME,14763
Mozelle,O'Hara,Mozelle_OHara@example.org,266-474-9912,865 Kuhic Lights,,Bentown,AK,30010
Llewellyn,Jones,Llewellyn_Jones@example.com,935-755-2892,7399 Jenkins Pines,,New Carroll,VT,27886
Fernando,Swift,Fernando.Swift84@example.org,230-317-3034,505 Effie Mall,Suite 387,Beierhaven,SC,39227
Reta,Wehner,Reta.Wehner80@example.com,368-809-5925,78907 Yesenia Orchard,,Fort Rosendochester,KS,69665
Lelah,Daniel,Lelah_Daniel32@example.com,092-247-4059,255 Clementine Neck,,Port St. Lucie,MT,00063
Kody,Mueller,Kody_Mueller@example.org,248-900-2351,2231 Torphy Wells,,Sauerfield,ME,49749
Adah,Hintz,Adah34@example.com,821-638-8391,101 Mueller Skyway,,Lewisburgh,ME,84510
Lourdes,Gottlieb,Lourdes66@example.net,199-182-2389,840 Heaney Ports,,Caseyton,AR,70539
Adela,Ritchie,Adela_Ritchie@example.net,681-742-9308,329 Molly Pike,,Ellashire,IN,43476
Alberto,Bogisich,Alberto_Bogisich@example.com,750-476-6298,78740 Krajcik Cove,,Faheyborough,OH,38498
Suzanne,Schimmel-O'Conner,Suzanne_Schimmel-OConner@example.com,187-919-6088,8826 Meda Crossroad,,West Alexa,AZ,46799
Keegan,Hauck-McDermott,Keegan46@example.com,198-497-1409,9130 Christina Mall,,Fort Paytonport,WA,68399
Willis,Runolfsdottir,Willis.Runolfsdottir@example.org,273-133-6984,5064 Steuber Keys,,Rhiannaborough,AL,44659
Lilliana,Kreiger,Lilliana.Kreiger2@example.net,231-120-7132,1088 Juwan Ranch,,Catonsville,MO,50894
Creola,Feeney,Creola_Feeney84@example.com,530-547-0995,19807 Durgan Circle,,Nadiacester,OK,24689
Arnoldo,Vandervort,Arnoldo.Vandervort@example.org,305-122-1938,7121 Littel Mission,Suite 457,West Maybellberg,GA,99906
William,Powlowski,William_Powlowski@example.com,189-119-9279,7046 Roberts Creek,Apt. 417,Shreveport,NC,01234
Donald,Purdy,Donald_Purdy11@example.com,998-176-7049,767 Robel Harbor,,East Columbusboro,NY,18155
Dianna,Stamm,Dianna61@example.net,363-648-3113,69695 Korey Bypass,,New Aurelio,MA,24939
Melody,Ullrich-Lowe,Melody1@example.net,674-655-4902,75612 Crist Unions,,Ziemannshire,OH,48218
Ubaldo,Douglas,Ubaldo.Douglas87@example.org,724-287-8367,24557 Damion Centers,,Mount Prospect,KY,75072
Berenice,Stokes-Stracke,Berenice93@example.net,576-982-2907,823 Durgan Lights,,North Wilber,OK,31772
Ena,Ortiz,Ena.Ortiz@example.com,525-983-7817,533 Cassandra Roads,,Cheektowaga,MD,03818
Christian,Abbott,Christian_Abbott55@example.org,808-789-9951,81233 Benton Trace,Apt. 104,Thompsonstead,DE,70784
Angelita,Vandervort,Angelita6@example.org,986-928-0482,10920 Zieme Greens,,Rapid City,PA,98301
Providenci,Tromp,Providenci.Tromp9@example.net,985-742-5553,67116 Karine Pine,Suite 774,Dearborn,RI,35719
Orville,Cummerata,Orville.Cummerata15@example.net,095-720-0172,72970 Simeon Avenue,,Frisco,MN,59918
Don,Schaefer,Don_Schaefer5@example.org,295-342-6145,74012 Reinger Courts,Suite 846,Fort Madelynn,OH,91424
Leila,Botsford,Leila_Botsford98@example.com,647-899-2081,157 Schmeler Path,,Fort Destineyside,PA,15988
Savannah,Hammes,Savannah56@example.com,881-567-2841,8212 Antone Drive,,Irvine,SC,22763
Ray,Torp,Ray_Torp@example.net,923-503-0866,5805 Rohan Center,,Daynastad,OK,44336
Hilario,Bode,Hilario.Bode@example.net,689-827-4785,605 Toy Loop,,DuBuquehaven,CT,36580
Thad,Bahringer,Thad92@example.org,782-646-8501,78838 Mayert Motorway,,Andystead,KY,49730
Frida,Keeling,Frida92@example.net,746-248-9310,426 Cronin Spring,,West Aracely,ID,61300
Glenda,Runolfsson,Glenda_Runolfsson69@example.net,877-643-0470,9427 Gleason Manors,,North Wernerfield,GA,14745
Sincere,Kuvalis,Sincere_Kuvalis15@example.org,627-762-9300,6215 Dariana Lake,,South Aliyah,KS,67902
Susanna,Leannon,Susanna_Leannon@example.com,967-475-0019,7374 Kathleen Drives,,West Leilani,MI,13725
Axel,Gutkowski,Axel_Gutkowski73@example.org,061-654-1351,395 Greenfelder Route,Suite 716,South Norenecester,MA,68604
Kennedi,Mitchell-Carter,Kennedi.Mitchell-Carter@example.net,248-771-1910,34049 Jenkins Divide,,Fontana,KS,80616
Kody,Nitzsche,Kody46@example.com,897-487-4397,71102 Steve Cliff,,Sporerstad,WI,94619
Kane,Quigley,Kane19@example.com,619-715-2772,52509 Runte Coves,,Tillmanfort,WY,01468
Oceane,Ondricka,Oceane_Ondricka@example.com,096-708-3099,49434 Andy Village,,Glendaside,CT,68294
Marielle,Turner,Marielle_Turner75@example.com,684-358-8362,134 Anais Spur,,Hendersonland,TN,19064
Joyce,Altenwerth,Joyce.Altenwerth8@example.net,037-797-3182,6413 Spencer Falls,Apt. 124,Vonboro,NC,32011
Rosemarie,Willms,Rosemarie48@example.net,062-647-6433,84405 Weissnat Spring,,North Jensen,SC,41919
Hester,Rutherford,Hester.Rutherford@example.com,579-095-5419,4229 Kohler Crossing,,Antioch,NM,49229
Obie,Cormier,Obie_Cormier99@example.org,463-444-8483,49745 Newell Lights,,West Karine,MT,05228
Matt,Hermann,Matt96@example.com,393-109-3047,110 Beatrice Lock,,Port Libbieworth,NM,48715
Geovanny,Murphy,Geovanny_Murphy@example.org,670-968-3013,31164 Hickle Port,,Omafurt,CT,20046
Roel,Donnelly,Roel_Donnelly@example.com,019-273-0572,9943 Gino Ville,Suite 741,Frederick,AZ,65944
Dejon,McClure,Dejon74@example.com,486-739-7335,4570 Bosco Locks,Suite 195,North River,HI,07586
Edythe,Halvorson,Edythe.Halvorson59@example.org,670-275-7695,6564 Domingo Plain,Suite 849,South Augusta,SD,45253
Gino,Crist,Gino_Crist87@example.net,584-083-1023,430 Robel Loaf,,Jonesboro,MS,45721
Keyon,Hagenes,Keyon_Hagenes@example.net,706-071-7145,195 Streich Passage,,Port Florida,OH,16774
Ethel,Swift,Ethel80@example.com,809-005-8516,577 Austen Alley,,West Saulfort,ND,90018
Fredy,Jacobs,Fredy_Jacobs@example.net,932-359-6070,235 Robyn Square,,Port Amietown,AZ,71676
Benton,Heller,Benton_Heller@example.com,189-573-5168,7164 Earl Flats,,Bahringertown,AL,08442
Jeffrey,Rodriguez,Jeffrey75@example.org,090-482-5175,15943 Batz Key,,Abshirestad,AR,25908
Amelia,Feest,Amelia86@example.com,364-888-2622,18226 Gregory Dam,,Zemlakton,NV,91390
Cordie,Schulist,Cordie.Schulist@example.org,587-900-8944,59759 Koch Cape,,St. Louis,MA,62609
Arielle,Wiegand,Arielle40@example.org,736-067-4109,347 Howell Mill,,Prohaskacester,HI,02259
Edyth,Mohr,Edyth_Mohr@example.net,931-630-3783,8019 Adrianna Flat,,Corneliusberg,MA,76068
Orie,Auer,Orie.Auer@example.org,399-609-5951,77515 Gleichner Locks,,North Altaboro,NJ,63243
Jillian,Wilderman,Jillian.Wilderman@example.com,888-802-1771,66710 Yundt Field,,North Sarah,CO,86690
Brandi,Bayer,Brandi10@example.org,949-796-3855,3199 Wunsch Rapid,Apt. 694,Fort Zelmahaven,CO,90101
Garth,Von,Garth39@example.net,035-490-6979,209 Hershel Forest,,McLaughlinworth,SD,47311
Jana,Monahan,Jana_Monahan@example.com,739-630-7200,865 Kilback Divide,Suite 307,Fort Vern,MA,97688
Ruth,Bednar,Ruth16@example.org,337-137-0288,689 Moore Ferry,,Miami Gardens,AR,57134
Gino,Hessel,Gino.Hessel56@example.net,023-255-8054,90801 Georgianna Corners,,West Westleychester,AZ,41350
Daphne,Littel,Daphne_Littel42@example.net,831-872-9812,69794 Lois Mountain,,Augustusside,WV,81156
Ashleigh,Powlowski,Ashleigh_Powlowski18@example.org,122-861-0448,21304 Spinka Ferry,,West Sedrickmouth,GA,41983
Emily,Wilkinson,Emily.Wilkinson@example.org,005-060-6407,3773 Florian Turnpike,,Sipesfort,MD,04762
Leatha,McKenzie,Leatha58@example.net,450-660-3415,516 Lelah Skyway,Apt. 450,Reingerton,MO,81703
Allan,Langworth,Allan44@example.org,858-958-5423,56067 Johnson Brooks,,Bahringerbury,FL,20746
Scot,Boyle,Scot.Boyle@example.com,671-567-9792,25308 Kunde Brook,,Encinitas,GA,90604
Morgan,Durgan,Morgan_Durgan24@example.org,699-592-1821,631 Arvel Center,Apt. 822,North Pietroland,CO,19779
Evelyn,Rogahn,Evelyn.Rogahn@example.org,659-596-6728,37058 Margaret Plains,,Immanuelstead,LA,25928
Johnathan,Kertzmann,Johnathan_Kertzmann11@example.net,751-956-2439,465 Noe Ranch,,Fort Hildegardtown,TX,48705
Zella,Konopelski,Zella46@example.net,756-812-0863,75494 Claude Walk,,Moore,KY,71292
Marlin,Turner,Marlin.Turner@example.net,622-861-3528,636 Hal Isle,Suite 697,Walkerstad,CO,17562
Dino,Cremin,Dino_Cremin1@example.com,848-492-3826,3016 Isaias Radial,,New Bridgetteville,OR,07809
Ara,Doyle,Ara87@example.com,533-793-4372,20927 Lemke Glen,,Port Cali,WA,39766
Fatima,O'Keefe,Fatima_OKeefe85@example.net,748-641-3307,948 Adrianna Course,,East Raoul,LA,26423
Jessica,Bruen-Carter,Jessica.Bruen-Carter@example.com,672-173-5718,62497 Jayce Highway,,Vista,IN,39286
Burdette,Stark,Burdette.Stark35@example.org,734-583-4196,41052 Gunner Run,,North Loganbury,MS,98076
Ron,Hartmann,Ron98@example.com,903-532-7830,65565 Katrina Common,Apt. 927,South Brittanyshire,MN,38555
Gunnar,Hoppe,Gunnar49@example.com,351-725-4592,32427 Nils Common,,Fond du Lac,MS,23898
Mohammad,Skiles,Mohammad_Skiles13@example.org,097-463-9352,791 Zackary Drive,Suite 446,Altenwerthboro,CO,45073
Liliane,Hagenes,Liliane_Hagenes@example.net,876-122-7803,20259 Brekke Courts,,Agustinview,PA,22801
Jane,Kertzmann,Jane_Kertzmann38@example.org,733-718-0250,7126 Burley Camp,,Funkside,TX,98931
Hershel,Kertzmann,Hershel39@example.org,162-797-9162,28045 Effertz Pass,,Chino,IN,22157
Ernest,Wunsch,Ernest.Wunsch30@example.net,573-052-8445,71659 Angela Villages,Apt. 852,South Laurynport,OR,74538
Maida,Kuhn,Maida30@example.org,160-788-5818,62554 Charley Plain,Apt. 941,Aufderharburgh,OK,92566
Marilou,Goyette,Marilou.Goyette10@example.org,622-887-2348,193 Mellie Summit,,Wellington,WY,19084
Gerson,Crooks,Gerson_Crooks@example.net,378-772-4347,47764 Morissette Plain,,Tulsa,IN,24032
Norris,Brekke,Norris.Brekke@example.net,041-835-1060,3424 Corwin Gateway,,Mohrfort,WY,16971
Jillian,Wolff,Jillian78@example.net,787-673-1878,811 Berniece Lock,,West Leland,MD,70038
Morris,Hermann,Morris.Hermann@example.net,292-810-7180,9389 Jonathon Ridge,,Lake Trevorbury,MO,11119
Marielle,Johns,Marielle.Johns21@example.com,725-913-6987,717 Turner Junction,,Fort Erica,FL,22457
Conrad,Heidenreich,Conrad_Heidenreich17@example.net,983-023-8646,94618 Raphaelle Square,,Loyalburgh,LA,27931
Adrien,Kerluke,Adrien.Kerluke76@example.com,008-058-5509,84602 King Flats,,Hoppemouth,FL,51651
Rusty,White,Rusty.White@example.net,848-704-8180,4854 Stacey Crest,,Laurineworth,AR,06980
Deron,Pacocha,Deron66@example.com,491-859-3786,5127 Mayert Corner,Apt. 198,Fort Felipe,VA,92271
Breanne,Windler,Breanne.Windler@example.net,205-130-9417,9244 Keaton Way,,Tinatown,WA,09181
Charlotte,Watsica,Charlotte57@example.com,102-612-2800,9067 Kariane Shore,Suite 984,Fort Kennith,MA,30215
Rowland,Schinner,Rowland.Schinner22@example.org,679-516-5715,715 Weimann Flat,,Lehnerland,CT,76922
Karelle,Konopelski,Karelle_Konopelski97@example.org,205-509-4925,82127 Lizzie Gateway,,West Gardnertown,ND,88136
Ramona,Brakus,Ramona_Brakus5@example.net,903-184-5391,4637 Efren Forges,Apt. 771,New Evantown,TX,66363
Lorna,Abbott,Lorna.Abbott@example.com,727-320-5425,7855 Pollich Roads,Suite 324,Lake Velmaburgh,MI,52179
Andreanne,Christiansen,Andreanne_Christiansen83@example.org,942-395-1339,5986 Rolfson River,,West Brooke,FL,80157
Fritz,Howe,Fritz44@example.org,655-769-4143,4302 Gutkowski Alley,,Lake Maudiefield,KY,08910
Jayne,Upton,Jayne91@example.org,896-142-4634,408 Fisher Inlet,,Wuckertburgh,TX,87133
Newton,Gutkowski,Newton_Gutkowski@example.net,496-383-0597,473 Ava Run,,Huelville,IA,97666
Francesca,Metz,Francesca.Metz@example.org,795-066-8923,1302 Considine Unions,,Alibury,UT,36995
Evans,Boyle,Evans.Boyle8@example.com,814-381-1396,6595 Jacobs Isle,,Towson,WY,33858
Jeffrey,Krajcik,Jeffrey70@example.org,153-268-0008,2702 Mervin Track,,Legroshaven,WA,48404
Laverne,Maggio,Laverne69@example.org,450-493-6945,465 Gonzalo Burg,,Lake Caylamouth,AZ,04888
Velva,Keebler-Schroeder,Velva.Keebler-Schroeder@example.org,161-854-4035,662 Elliot Manors,,South Pierrefort,MS,78011
Christa,Boyer,Christa94@example.net,275-961-5787,15717 Williamson Heights,Apt. 444,North Deonville,NH,84004
Logan,Spencer-Witting,Logan_Spencer-Witting@example.org,911-205-1016,34795 Jayden Neck,Suite 435,Buffalo,DE,66830
Golden,Cassin,Golden98@example.com,821-868-7920,909 Collins Flat,,West Ayanaberg,OK,41630
Harvey,Stanton,Harvey_Stanton@example.net,056-424-9247,225 Kovacek Plain,,Lockmanfort,TN,37739
Maia,Hagenes,Maia80@example.net,332-248-9914,129 Daryl Ranch,,Schmittville,MO,43843
Charlie,Larkin,Charlie_Larkin@example.net,791-171-2176,1898 Izaiah Heights,,East Verla,KS,67957
Jadon,Langworth,Jadon_Langworth@example.com,824-640-7222,1809 Roberts Brooks,,Haagfurt,NJ,07195
Skylar,Legros,Skylar_Legros@example.com,421-423-5144,40195 Ryley Way,,Saigetown,WY,71423
Lydia,Brown,Lydia61@example.com,596-975-6911,43950 Christy Land,Suite 611,North Vivianemouth,DE,19663
Ray,Von,Ray_Von92@example.net,690-042-1960,2019 Scarlett Pass,,Lindport,MN,61788
Simone,McClure,Simone17@example.org,610-800-2080,299 Murazik Neck,,Weissnatstad,NM,71221
Julio,McGlynn,Julio54@example.com,631-933-9771,46516 Kilback Course,,New Montana,CA,12676
Jerrold,Kirlin,Jerrold42@example.org,610-366-0878,976 Fritsch Route,Apt. 230,Warner Robins,NV,82550
Kiarra,Corwin,Kiarra.Corwin79@example.net,077-790-0244,3155 Fredrick Heights,,East Dangelo,NH,65932
Theresa,Fay,Theresa.Fay@example.com,034-546-6015,591 Jacobs Harbor,,Elkhart,KS,66559
Freddie,Hagenes,Freddie.Hagenes9@example.com,420-484-3097,2352 Crooks Circles,Suite 637,Arelyland,VA,96464
Kieran,Nikolaus,Kieran52@example.net,006-389-4987,4495 Kuhlman Fork,,Rodriguezborough,HI,40299
Dave,Torp,Dave_Torp21@example.org,127-186-5926,7183 Hamill Alley,,South Aiyanaville,MA,26924
Lucas,Hammes,Lucas_Hammes@example.org,421-879-9238,6483 Emely Glens,,Bridgeport,AR,78333
Destany,Blanda,Destany.Blanda@example.com,565-102-2899,714 Marlon Heights,,Creminview,VT,49362
Catalina,Kemmer,Catalina67@example.com,671-495-9488,7491 Keagan Junction,,Chesterfield,KS,14153
Angelina,Oberbrunner,Angelina.Oberbrunner2@example.net,317-001-8311,19391 Gillian Landing,,Connberg,WI,31014
Caterina,Turcotte,Caterina_Turcotte54@example.net,805-762-4283,4195 Howard Wells,,DeSoto,TX,89431
Kennedy,Herzog,Kennedy_Herzog41@example.com,935-197-1981,3054 Pietro Center,,South Steveland,MA,25776
Demond,Hamill,Demond.Hamill@example.com,879-293-9243,50198 Howe Walks,,Wymanborough,IL,86893
Aniyah,Pouros,Aniyah42@example.net,902-659-3901,41289 Jones Mews,Suite 109,South Chase,FL,03749
Bettye,Daniel,Bettye_Daniel35@example.com,190-131-1257,15962 Cole Ridge,,Annemouth,NY,43064
Kariane,Ziemann,Kariane53@example.net,072-816-3708,3895 Adams Summit,,Arden-Arcade,GA,00588
Dena,Goldner,Dena.Goldner@example.org,729-893-7279,9434 Greenholt Union,,Kentwood,MN,55734
Yadira,Koss,Yadira.Koss58@example.net,828-910-3593,3086 Vaughn Club,Apt. 217,New Felipafort,WY,33124
Robbie,Ratke-Trantow,Robbie_Ratke-Trantow@example.net,659-758-2963,5427 Antonia Burgs,,Conorbury,UT,83682
Raegan,Torphy,Raegan.Torphy@example.com,626-148-7350,6976 Stamm Grove,,Port Tessworth,SC,61583
Emiliano,Bergnaum,Emiliano.Bergnaum@example.org,115-201-6384,372 Haag Heights,,Vincentville,AK,83518
Madge,Feest,Madge_Feest61@example.net,994-247-9526,27420 Hauck Trafficway,Apt. 853,West Calistamouth,CT,99458
Ismael,Schroeder,Ismael.Schroeder14@example.com,604-953-7567,58293 Shanna Lane,,Lake Elaina,OR,30011
Frieda,Considine,Frieda_Considine38@example.com,779-833-2161,486 Jermaine Villages,,Port Henryton,NE,80744
Newell,Schumm,Newell_Schumm43@example.net,200-117-4727,504 Leuschke Courts,,Champlinboro,NE,29269
Nils,Dooley,Nils_Dooley15@example.net,228-214-7799,5420 Delia Islands,,Dallas,NY,12102
Delmer,McCullough,Delmer.McCullough@example.net,278-659-4143,5872 Hyatt Circle,Apt. 158,Anabelleboro,OR,50789
Americo,Rempel,Americo5@example.org,057-202-8500,2867 Kathleen Pike,,East Sigrid,IL,96478
Thalia,Kulas,Thalia38@example.net,440-896-1156,443 Bode Manors,,Lake Janeshire,SD,91597
Melvin,Terry,Melvin.Terry@example.org,453-296-0186,23819 Thiel Meadow,,Sioux Falls,OH,27865
Emmett,McDermott,Emmett56@example.net,599-843-0494,73448 Schiller Skyway,,Pompano Beach,WY,18530
Chanelle,Medhurst,Chanelle12@example.net,461-572-3691,901 Taryn Flats,,Carletonfurt,AR,96049
Devon,Wehner,Devon_Wehner77@example.org,930-594-7076,698 Winona Throughway,Suite 235,Wichita Falls,IA,99192
Robb,Weissnat,Robb_Weissnat@example.org,051-179-5998,1225 Mohr Plain,,Madison,IN,75998
Norene,Jacobs,Norene_Jacobs77@example.com,706-181-2609,46570 Davon Mews,,Lake Otto,CO,27850
Maureen,Maggio,Maureen16@example.net,824-581-4232,70233 Kovacek Spurs,Suite 231,Handburgh,WA,66335
Kaley,Cole,Kaley92@example.org,446-120-8354,881 Laury Expressway,,Robbieboro,LA,25291
Tre,Beahan,Tre.Beahan58@example.org,882-183-6037,75692 Antoinette Drives,,Niagara Falls,CO,84756
Orion,Witting,Orion.Witting7@example.org,631-581-1846,254 Paula Mountains,,Madelineland,WY,23774
Lolita,Rosenbaum,Lolita_Rosenbaum17@example.com,678-106-9447,561 Hodkiewicz Club,,Franeckichester,MO,29814
Kennith,Kunze,Kennith26@example.org,778-535-9761,64644 Bednar Row,Suite 770,West Lexi,VT,40793
Rory,Zieme,Rory_Zieme@example.org,964-180-6136,125 Windler Tunnel,Apt. 965,Spokane Valley,FL,55752
Luis,Kunze,Luis.Kunze25@example.org,024-399-9772,503 Heaney Loop,Apt. 538,South Tamiachester,ND,92158
Jarret,Bartoletti,Jarret94@example.net,318-545-1995,30044 Lucienne Drive,,Jerrellstad,IA,81054
Haven,Dibbert,Haven.Dibbert16@example.com,865-903-2117,64397 Schroeder Hollow,,Port Edwardborough,TN,96598
Dashawn,Fahey,Dashawn_Fahey72@example.com,358-436-0043,2980 Ethelyn Meadow,Suite 201,East Dedrickboro,SC,69331
Edwin,Beer,Edwin_Beer@example.com,991-167-8834,776 Tania Lights,,Grahamfurt,FL,22121
Alfonzo,Turcotte,Alfonzo26@example.com,352-285-2787,1328 Noelia Spur,,West Borisborough,WI,81440
Dallas,Schulist,Dallas.Schulist@example.net,566-552-1272,363 Annamae Groves,,Lake Mekhiborough,WY,84727
Cloyd,Larson,Cloyd8@example.net,038-376-2265,8789 Murray Mountains,,Nehashire,AK,76462
Gaston,Leannon,Gaston.Leannon@example.com,457-622-6113,66793 Kamron Skyway,,Mariobury,SC,20939
Earl,Boyle-Gerlach,Earl_Boyle-Gerlach@example.com,576-796-8761,3126 Beahan Courts,Suite 469,North Destineystad,SC,68632
Stephany,Kuhn,Stephany_Kuhn@example.net,243-582-1328,2259 Jacquelyn Flats,Suite 708,Kautzerstad,TX,09169
Ben,Quigley-Roberts,Ben53@example.org,122-936-1929,6689 Agnes Wells,,Homestead,WY,23992
Ophelia,Balistreri,Ophelia73@example.org,948-416-0021,94841 Rosalia Track,,South Jalenchester,AK,11244
Elda,Stamm,Elda_Stamm@example.net,989-956-9871,59166 Lennie Creek,Suite 182,O'Reillyfield,OR,90156
Joannie,Skiles,Joannie_Skiles@example.org,747-619-5528,50342 Williamson Fields,,New Mike,OR,11392
Carroll,Johnson,Carroll_Johnson@example.com,666-380-5138,5233 Swaniawski Extensions,,Tianaville,NC,51370
Alf,Morar,Alf84@example.net,407-153-0864,83599 Ibrahim Skyway,Apt. 993,Alexandreview,VT,61138
Lue,Huel,Lue.Huel@example.com,088-617-1718,43564 Gaetano Viaduct,,Altenwerthland,MD,91131
Blanca,Schmeler,Blanca23@example.net,931-848-5383,5894 Dibbert Brook,Apt. 528,East Ahmad,MT,22144
Bartholome,Huels,Bartholome.Huels@example.org,111-253-1191,398 Leffler Burg,,New Wallaceville,AL,96308
Daisha,Lockman,Daisha.Lockman26@example.com,095-511-3478,22178 Hortense Port,Apt. 481,Normabury,IA,83699
Matteo,Johnston,Matteo74@example.com,601-575-6138,568 Hansen Gardens,,Hellerbury,FL,91154
Elizabeth,Stark,Elizabeth6@example.org,192-655-7944,6271 MacGyver Centers,,Fort Shakira,UT,82999
Hermina,Rolfson,Hermina7@example.org,831-932-7722,2369 Shields Union,,Melisahaven,AR,41457
Anibal,Ziemann,Anibal30@example.org,249-776-7310,9744 Eddie Ridges,,Eagan,KY,07919
Cali,Bailey,Cali.Bailey81@example.net,841-360-5367,1460 Claudie Tunnel,,Phoenix,ID,97126
Brennon,Roberts,Brennon71@example.com,192-136-9855,23416 McCullough Branch,Suite 783,Jastfurt,WI,68879
Florida,Hyatt,Florida.Hyatt@example.com,636-354-5963,5998 Summer Place,,Ondrickaville,NC,99768
Felipe,Wiegand,Felipe.Wiegand@example.org,671-395-8870,6890 Ashley Views,,Fort Vivian,ND,09445
Dejon,Stroman,Dejon_Stroman7@example.org,066-998-2172,45501 Waelchi Junctions,,Sheboygan,IL,87080
Laurine,Morissette,Laurine21@example.net,965-447-1852,822 Roma Forest,,Hampton,WY,67547
Bessie,Rolfson,Bessie_Rolfson28@example.net,180-546-1750,947 Funk Park,Apt. 545,Yasminfurt,WI,45051
Kenyon,Okuneva,Kenyon_Okuneva85@example.com,320-168-2863,110 Kuhic Wells,,Skylamouth,KS,90376
Peter,Hahn-Paucek,Peter_Hahn-Paucek@example.net,371-081-1050,5941 Pouros Orchard,,Trantowberg,NV,89677
Stephen,Lesch,Stephen18@example.net,923-245-7760,346 Kozey Mall,Apt. 106,Ankeny,MA,06225
Beulah,Bednar,Beulah_Bednar92@example.net,342-319-3487,552 Haley Harbors,,Rueckerfurt,ME,85533
Alicia,Mante-Ernser,Alicia_Mante-Ernser@example.net,151-590-6775,339 Mertz Light,,Dougburgh,VT,55920
Maggie,Hirthe,Maggie_Hirthe32@example.com,377-757-7696,516 Otho Landing,,Monteland,AK,28579
April,Hartmann,April_Hartmann@example.net,816-509-4415,7016 Emard Fords,,Riverside,AZ,79191
Carmine,Cremin,Carmine.Cremin@example.com,874-372-4428,732 Gordon Burgs,Suite 714,East Kiarrafield,GA,94242
Maybell,Donnelly,Maybell.Donnelly@example.org,035-123-2106,85975 Christine Keys,Suite 820,Port Bret,IL,58619
Delia,Walker,Delia.Walker84@example.net,236-702-7317,45327 Ritchie Ville,,Lake Rhiannaland,ME,12925
Elenor,Roob,Elenor_Roob92@example.net,187-553-4578,98959 Stehr Squares,,Welchhaven,MA,58835
Willy,Wiza,Willy.Wiza@example.org,860-591-6360,18701 Lottie Mill,Suite 834,West Llewellyn,SD,48923
Presley,Cummerata,Presley_Cummerata@example.org,997-863-0308,411 Parker Camp,,Fort Mitchel,DE,94975
D'angelo,Emard-Buckridge,Dangelo_Emard-Buckridge22@example.net,496-585-0063,22483 Nitzsche Knolls,,San Jose,TN,14208
Oma,Gerlach,Oma.Gerlach88@example.com,503-140-6221,258 Walter Common,,Ontario,DE,40286
Woodrow,Herzog,Woodrow91@example.com,598-363-8474,7930 Kayla Key,,North Roselyn,MN,57518
Carleton,Hammes,Carleton.Hammes@example.com,428-056-1701,132 Turner Plain,,North Hanna,MN,28956
Elyssa,Barrows,Elyssa.Barrows48@example.net,090-759-5950,40091 Lukas Shoals,Apt. 169,El Dorado Hills,DE,14620
Haleigh,Berge,Haleigh69@example.org,958-353-2568,3665 Lane River,Apt. 795,Remingtonchester,OK,66936
Aurelia,Rippin,Aurelia_Rippin@example.net,906-925-9300,932 Jazmyn Point,Suite 180,New Jeff,ME,17266
Drake,Rath-Koss,Drake_Rath-Koss35@example.org,023-045-0361,56038 VonRueden Highway,,Fort Wyatt,AL,12909
Edgardo,Abernathy,Edgardo11@example.org,790-980-3495,692 Bart Viaduct,,Huelsburgh,MO,70279
Kareem,Pacocha,Kareem_Pacocha8@example.net,452-397-1143,8372 Blake Gateway,,Niagara Falls,VA,32606
Arlie,Heidenreich,Arlie29@example.net,358-074-0106,5935 Mayra Camp,Apt. 285,Port Alyssonfield,RI,58398
Harvey,Sawayn,Harvey.Sawayn@example.net,699-630-2644,322 Toney Creek,,Meridian,AR,25990
Hattie,Dibbert,Hattie33@example.org,816-047-1360,19814 Rey Summit,Apt. 649,Sauerworth,GA,06391
Ellsworth,Bauch,Ellsworth10@example.net,562-571-3902,8130 Murazik Summit,,Lake Roderickstad,LA,93756
Lauriane,Kassulke,Lauriane78@example.net,442-304-7881,13787 Johnathon Creek,,Deonville,NJ,86945
Velda,Bahringer-Kuphal,Velda_Bahringer-Kuphal26@example.net,733-527-3179,269 Heidenreich Harbors,Apt. 385,East Kamillefurt,MA,85340
Phyllis,Deckow,Phyllis55@example.org,510-312-0018,485 Bradley Falls,,Parkerland,MT,84368
Macie,Lesch,Macie.Lesch@example.com,213-032-6584,419 Senger Fords,Apt. 289,Lake Cecil,WI,07990
Nyasia,Leffler,Nyasia_Leffler@example.org,834-332-3533,8228 Chanelle Path,,Fritschfort,WY,16066
Jazmyne,Homenick,Jazmyne20@example.net,650-847-6953,518 Merlin Club,Apt. 128,North Tyrique,NC,67839
Matteo,Lang,Matteo.Lang@example.org,985-654-6075,923 Rebecca Point,,East Dewittmouth,OK,52996
Shaylee,Cartwright,Shaylee.Cartwright@example.net,128-169-6723,92486 Klein Creek,,Cruickshankfort,NJ,82887
Juston,Price,Juston92@example.com,686-954-9836,6282 Julianne Orchard,,Andycester,MI,05827
Emmet,Bergstrom,Emmet.Bergstrom@example.net,563-925-0264,389 Sibyl Port,Apt. 869,North Margarita,NE,66834
Kieran,Howe,Kieran6@example.com,220-200-1288,51394 Berge Lakes,,Fort Edd,RI,36573
Nils,Harris,Nils_Harris@example.org,382-141-5646,947 Belle Forest,,Oakland,CO,09443
Kenyon,Welch-Waelchi,Kenyon_Welch-Waelchi54@example.net,479-170-7782,287 Morar Motorway,Suite 261,New Prudence,GA,18241
Luther,Kihn,Luther75@example.net,313-324-8279,527 Aimee Port,,Lehigh Acres,WY,01463
Chyna,Harris,Chyna13@example.org,288-994-8551,7803 Mohr Green,,Harrisonburg,TX,83081
Doyle,Kovacek-Johnston,Doyle54@example.org,159-551-0685,1511 Raynor Drive,,Port Dejon,CA,98405
Mattie,Bergstrom,Mattie.Bergstrom96@example.com,037-849-2044,180 Destiny Plains,,Russelshire,MO,93098
Zakary,Kuphal,Zakary8@example.com,036-492-1326,911 King View,,Lake Nolanfurt,GA,58811
Brianne,Harvey,Brianne21@example.net,602-148-7597,97437 Lakin Bypass,Suite 328,North Arthurfort,DE,66325
Devyn,Marquardt,Devyn_Marquardt@example.org,366-334-0797,96622 Louvenia Points,,South Consuelo,RI,90952
Meggie,Cronin,Meggie_Cronin@example.net,046-702-4681,573 Huel Rest,,Kannapolis,AZ,46237
Katrina,Brown,Katrina22@example.org,276-043-0953,93767 Ebert Key,,Lake Namestad,TN,91670
Lorenz,Parisian,Lorenz_Parisian@example.net,157-996-6390,25203 Treutel Junctions,,New Georgeboro,MN,66961
Price,Russel,Price.Russel@example.net,608-730-6993,93437 Keeling Branch,,North Skye,KY,29050
Felipa,Feil,Felipa.Feil@example.net,546-541-6623,268 Konopelski Crossroad,Suite 333,Jamelborough,FL,47271
April,Howell,April99@example.com,781-861-6570,2882 Hickle Garden,,Ellaborough,ND,97349
Birdie,Grady,Birdie.Grady@example.net,265-320-8894,90972 Renner Shoals,,Dillonfort,NH,59215
Melany,Bartoletti,Melany0@example.com,940-813-3886,537 Rafaela Port,,North Antwonport,SD,08644
Shanie,Kunde,Shanie32@example.org,945-175-5464,93240 Reyes Drive,,Fort Sonia,SC,79630
Nova,Ledner,Nova_Ledner@example.net,010-426-9463,638 Kub Lights,,Clearwater,ME,65193