first_name,last_name,email,phone_number,street_address_1,street_address_2,city,state,zip_code
Mellie,Will,Mellie_Will45@example.com,364-314-3320,82166 Coleman Bypass,,Parkerberg,WA,53623
Sean,Gottlieb,Sean_Gottlieb65@,627-582-4493,2328 Nayeli Mount,,Forreststad,CO,33735
Cali,Bailey,Cali.Bailey81@example.net,841-360-5367,1460 Claudie Tunnel,,Phoenix,ID,97126
Mina,Berge,Mina_Berge@example.com,772-708-fdsa3890,10159 Anibal Avenue,,Beaverton,NV,19320
Magnus,Goyette,Magnus99@example.org,656-307-5878,2412 Kihn Loaf,,West Garthstad,TX,64764
Fermin,Stracke,Fermin.Stracke82@example.org,758-560-8977,5200 Emmalee Mews,,Ginoland,GA,40683
Irwin,Hills,Irwin.Hills@example.org,340-986-1624asdf,8676 Dewitt Viaduct,,Ankeny,KS,00189
Mollie,Goyette,Mollie79@example.org,628-324-6760,45930 Amalia Falls,,Henriport,ME,17094
Yolanda,Kihn,Yolanda_Kihn@example.net,669-143-4683,20226 Alford Inlet,,Laguna Niguel,MI,10765
Clifton,Thompson,Clifton.Thompson@example.,411-162-5338,544 Carroll Shore,Suite 803,Lubbock,HI,7843145
Nia,Mann,Nia39@example.net,901 446-9533,6789 Cara Haven,,Ryanborough,ID,77674
Kane,Mayert,Kane27@example.com,460-068-4444,514 Schmitt Hill,,Farmington,UT,17634
Stewart,Dietrich,Stewart13@example.com,962-541-0838,6718 Henderson Passage,,South Yasmin,MN,22316
Clyde,West,Clyde_West@example.net,553-685-0899,34855 Chandler Shoals,,Zackcester,TX,15789
Ryleigh,Ruecker,Ryleigh.Ruecker30@example.org,179-858-4266,43642 Lynch Crescent,Apt. 106,Spokane,NY,32305
Jackeline,DuBuque,Jackeline39@example.net,311-025-5189,774 Geo Curve,Suite 980,Bolingbrook,KY,88115
Jazmyn,Hayes,Jazmyn.Hayes@example.net,246-762-0987,6069 Grady Plaza,,Mount Prospect,WY,63553
Trent,Schowalter,Trent_Schowalter97@example.net,376-508-9703,2124 Nina Trail,,Joeyside,VA,44360
Birdie,Grady,Birdie.Grady@example.net,265-320-8894,90972 Renner Shoals,,Dillonfort,NH,59215
Phyllis,Deckow,Phyllis55@example.org,510-312-0018,485 Bradley Falls,,Parkerland,MT,84368
Orpha,Hartmann,Orpha24@example.org,466-547-0430,22991 Murl Radial,,Elmoretown,LA,75603
Harvey,Stanton,Harvey_Stanton@example.net,056-424-9247,225 Kovacek Plain,,Lockmanfort,TN,37739
Matilda,Yost,Matilda48@example.net,316-197-5845,7614 Gerlach Valleys,,Chattanooga,ARK,350323
Jolie,Buckridge,Jolie_Buckridge36@example.org,289-066-8958,30496 Ansel Corner,Suite 630,Arelycester,TN,27734
Macey,Bradtke,Macey_Bradtke63@example.org,394-322-4759,977 Nienow Mount,,Brekkefort,CA,12939
Brandi,Braun,Brandi89@example.org,501-600-8369,261 Antwon Harbors,,Richmond,HI,78510
Dwight,Schrute,Dwight_Schrute23@example.com,349-542-9023,10 Daniels Rd,,Honesdale,PA,18431
Ramona,Ruecker-Huels,Ramona63@example.com,905-201-7871,2871 Celestine Curve,Suite 323,South Cecile,AR,74708
Trinity,Hahn,Trinity.Hahn13@example.org,962-960-3594,612 Devante Brooks,,Lake Shirley,KY,60637
Rashad,Renner,Rashad65@example.net,739-794-2693,2080 Mario Haven,,Jerelberg,AZ,71469-455
Janick,Spinka,Janick.Spinka6@example.org,136-309-7041,3630 Jarret Flats,Suite 260,Russelport,NY,34265
Makenzie,McDermott,Makenzie_McDermott78@example.org,937-194-6718,4464 Bernhard Forges,,Wisokyville,MT,34722
Nigel,Schumm-Cremin,Nigel56@example.org,084-090-6604,367 Kassulke Run,,Mohrside,AL,40334
Joanie,Krajcik,Joanie.Krajcik@example.org,662-882-8011,871 Jeff Mill,,North Breanna,NC,61131
Amelia,Feest,Amelia86@example.com,364-888-2622,18226 Gregory Dam,,Zemlakton,NV,91390
Brisa,Schamberger,Brisa_Schamberger@example.com,574-417-4643,3710 Johanna Bypass,,Isaiborough,CA,71800
Dejon,McClure,Dejon74@example.com,486-739-7335,4570 Bosco Locks,Suite 195,North River,HI,07586
Willis,Goldner,Willis47@example.net,413-548-5922,840 Robb Plain,,Casperworth,SC,50295
Aglae,Labadie,Aglae.Labadie@example.com,008-263-9789,99440 Therese Shores,,Vernachester,FL,49336
Loma,Larson,Loma51@example.org,669-741-8688,5223 Braulio Freeway,,West Donavonton,AZ,92338
Arlene,Bahringer,Arlene.Bahringer42@example.com,414-759-8205,812 Mozell Cliffs,,West Misty,AR,56256
Porter,Powlowski,Porter_Powlowski21@example.org,426-655-4743,3449 Stephon Green,Apt. 902,Isabellaburgh,TX,74215
Reinhold,McKenzie,Reinhold_McKenzie@example.com,518-000-2188,47520 Gibson Pass,Suite 653,South Delores,ME,70668
Alyce,Towne,Alyce_Towne@example.net,520-117-6536,497 Zieme Valley,Apt. 365,Lake Charles,IA,54599
Angelita,Vandervort,Angelita6@example.org,986-928-0482,10920 Zieme Greens,,Rapid City,PA,98301
Americo,Rempel,Americo5@example.org,057-202-8500,2867 Kathleen Pike,,East Sigrid,IL,96478
Malachi,Lemke,Malachi65@example.org,619-910-8045,165 Gutkowski Causeway,,North Clementina,MA,56284
Ramona,Brakus,Ramona_Brakus5@example.net,903-184-5391,4637 Efren Forges,Apt. 771,New Evantown,TX,66363
Adrien,Fay,Adrien.Fay@example.net,208-429-4283,262 Reilly Common,Apt. 895,West Dean,MAP,70036
Johnathan,Fay,Johnathan.Fay@example.com,375-257-3412,6870 Bell Junction,,North Luisa,IA,37279